{
	"credit": "Made with Blockbench",
	"parent": "block/block",
	"ambientocclusion": false,
	"texture_size": [32, 32],
	"textures": {
		"2": "block/spruce_log_top",
		"4": "create:block/mixer_base_side",
		"6": "create:block/mixer_head",
		"11": "create:block/mechanical_press_top",
		"1_2": "create:block/cogwheel",
		"mechanical_press_pole": "create:block/mechanical_press_pole"
	},
	"elements": [
		{
			"name": "Gear",
			"from": [-1, 13.5, 6.5],
			"to": [17, 16.5, 9.5],
			"rotation": {"angle": 0, "axis": "y", "origin": [8, 15, 8]},
			"faces": {
				"north": {"uv": [7, 7.5, 16, 9], "texture": "#1_2"},
				"east": {"uv": [5.5, 7.5, 7, 9], "texture": "#1_2"},
				"south": {"uv": [7, 7.5, 16, 9], "texture": "#1_2"},
				"west": {"uv": [5.5, 7.5, 7, 9], "texture": "#1_2"},
				"up": {"uv": [7, 6, 16, 7.5], "texture": "#1_2"},
				"down": {"uv": [7, 6, 16, 7.5], "texture": "#1_2"}
			}
		},
		{
			"name": "Gear2",
			"from": [-1, 13.5, 6.5],
			"to": [17, 16.5, 9.5],
			"rotation": {"angle": 45, "axis": "y", "origin": [8, 15, 8]},
			"faces": {
				"north": {"uv": [7, 7.5, 16, 9], "texture": "#1_2"},
				"east": {"uv": [5.5, 7.5, 7, 9], "texture": "#1_2"},
				"south": {"uv": [7, 7.5, 16, 9], "texture": "#1_2"},
				"west": {"uv": [5.5, 7.5, 7, 9], "texture": "#1_2"},
				"up": {"uv": [7, 6, 16, 7.5], "texture": "#1_2"},
				"down": {"uv": [7, 6, 16, 7.5], "texture": "#1_2"}
			}
		},
		{
			"name": "Gear3",
			"from": [-1, 13.5, 6.5],
			"to": [17, 16.5, 9.5],
			"rotation": {"angle": -45, "axis": "y", "origin": [8, 15, 8]},
			"faces": {
				"north": {"uv": [7, 7.5, 16, 9], "texture": "#1_2"},
				"east": {"uv": [5.5, 7.5, 7, 9], "texture": "#1_2"},
				"south": {"uv": [7, 7.5, 16, 9], "texture": "#1_2"},
				"west": {"uv": [5.5, 7.5, 7, 9], "texture": "#1_2"},
				"up": {"uv": [7, 6, 16, 7.5], "texture": "#1_2"},
				"down": {"uv": [7, 6, 16, 7.5], "texture": "#1_2"}
			}
		},
		{
			"name": "Gear4",
			"from": [6.5, 13.5, -1],
			"to": [9.5, 16.5, 17],
			"rotation": {"angle": 0, "axis": "y", "origin": [8, 15, 8]},
			"faces": {
				"north": {"uv": [5.5, 7.5, 7, 9], "texture": "#1_2"},
				"east": {"uv": [7, 7.5, 16, 9], "texture": "#1_2"},
				"south": {"uv": [5.5, 7.5, 7, 9], "texture": "#1_2"},
				"west": {"uv": [7, 7.5, 16, 9], "texture": "#1_2"},
				"up": {"uv": [7, 6, 16, 7.5], "rotation": 90, "texture": "#1_2"},
				"down": {"uv": [7, 6, 16, 7.5], "rotation": 90, "texture": "#1_2"}
			}
		},
		{
			"name": "GearCaseInner",
			"from": [2, 14, 2],
			"to": [14, 16, 14],
			"rotation": {"angle": 0, "axis": "y", "origin": [8, 15, 8]},
			"faces": {
				"north": {"uv": [0, 6, 6, 7], "texture": "#1_2"},
				"east": {"uv": [0, 6, 6, 7], "texture": "#1_2"},
				"south": {"uv": [0, 6, 6, 7], "texture": "#1_2"},
				"west": {"uv": [0, 6, 6, 7], "texture": "#1_2"},
				"up": {"uv": [4, 0, 10, 6], "texture": "#1_2"},
				"down": {"uv": [4, 0, 10, 6], "texture": "#1_2"}
			}
		},
		{
			"name": "GearCaseOuter",
			"from": [4, 13, 4],
			"to": [12, 17, 12],
			"rotation": {"angle": 0, "axis": "y", "origin": [8, 15, 8]},
			"faces": {
				"north": {"uv": [0, 4, 4, 6], "texture": "#1_2"},
				"east": {"uv": [0, 4, 4, 6], "texture": "#1_2"},
				"south": {"uv": [0, 4, 4, 6], "texture": "#1_2"},
				"west": {"uv": [0, 4, 4, 6], "texture": "#1_2"},
				"up": {"uv": [0, 0, 4, 4], "texture": "#1_2"},
				"down": {"uv": [0, 0, 4, 4], "texture": "#1_2"}
			}
		},
		{
			"name": "Side3",
			"from": [0, 13, 16],
			"to": [16, 17, 16],
			"rotation": {"angle": 0, "axis": "y", "origin": [8, 15, 8]},
			"faces": {
				"north": {"uv": [0, 6, 16, 10], "texture": "#4"},
				"south": {"uv": [0, 6, 16, 10], "texture": "#4"}
			}
		},
		{
			"name": "Side4",
			"from": [0, 13, 0],
			"to": [16, 17, 0],
			"rotation": {"angle": 0, "axis": "y", "origin": [8, 15, 8]},
			"faces": {
				"north": {"uv": [0, 6, 16, 10], "texture": "#4"},
				"south": {"uv": [0, 6, 16, 10], "texture": "#4"}
			}
		},
		{
			"name": "MixerCenter",
			"from": [7, -4.5, 7],
			"to": [9, 7.5, 9],
			"shade": false,
			"rotation": {"angle": 22.5, "axis": "y", "origin": [8, 7, 8]},
			"faces": {
				"north": {"uv": [0, 12, 12, 14], "rotation": 90, "texture": "#6"},
				"east": {"uv": [0, 12, 12, 14], "rotation": 90, "texture": "#6"},
				"south": {"uv": [0, 12, 12, 14], "rotation": 90, "texture": "#6"},
				"west": {"uv": [0, 12, 12, 14], "rotation": 90, "texture": "#6"},
				"down": {"uv": [0, 12, 2, 14], "texture": "#6"}
			}
		},
		{
			"name": "mixerbottom1",
			"from": [2.5, -4, 7],
			"to": [13.5, -2, 9],
			"rotation": {"angle": 22.5, "axis": "y", "origin": [8, 7, 8]},
			"faces": {
				"north": {"uv": [0, 14, 11, 16], "texture": "#6"},
				"east": {"uv": [2, 8, 4, 10], "texture": "#6"},
				"south": {"uv": [0, 14, 11, 16], "texture": "#6"},
				"west": {"uv": [2, 0, 4, 2], "texture": "#6"},
				"up": {"uv": [0, 12, 11, 14], "texture": "#6"},
				"down": {"uv": [0, 10, 11, 12], "texture": "#6"}
			}
		},
		{
			"name": "mixerbottom2",
			"from": [7, -4, 2.5],
			"to": [9, -2, 13.5],
			"rotation": {"angle": 22.5, "axis": "y", "origin": [8, 7, 8]},
			"faces": {
				"north": {"uv": [2, 8, 4, 10], "texture": "#6"},
				"east": {"uv": [0, 14, 11, 16], "texture": "#6"},
				"south": {"uv": [2, 8, 4, 10], "texture": "#6"},
				"west": {"uv": [0, 14, 11, 16], "texture": "#6"},
				"up": {"uv": [0, 12, 11, 14], "rotation": 90, "texture": "#6"},
				"down": {"uv": [0, 10, 11, 12], "rotation": 90, "texture": "#6"}
			}
		},
		{
			"name": "mixerside4",
			"from": [11.5, -2, 7],
			"to": [13.5, 4, 9],
			"rotation": {"angle": 22.5, "axis": "y", "origin": [8, 7, 8]},
			"faces": {
				"north": {"uv": [0, 2, 2, 8], "rotation": 180, "texture": "#6"},
				"east": {"uv": [2, 2, 4, 8], "texture": "#6"},
				"south": {"uv": [0, 2, 2, 8], "texture": "#6"},
				"west": {"uv": [4, 0, 6, 6], "texture": "#6"}
			}
		},
		{
			"name": "mixerside3",
			"from": [2.5, -2, 7],
			"to": [4.5, 4, 9],
			"rotation": {"angle": 22.5, "axis": "y", "origin": [8, 7, 8]},
			"faces": {
				"north": {"uv": [0, 2, 2, 8], "texture": "#6"},
				"east": {"uv": [4, 0, 6, 6], "texture": "#6"},
				"south": {"uv": [0, 2, 2, 8], "rotation": 180, "texture": "#6"},
				"west": {"uv": [2, 2, 4, 8], "texture": "#6"}
			}
		},
		{
			"name": "mixerside2",
			"from": [7, -2, 2.5],
			"to": [9, 4, 4.5],
			"rotation": {"angle": 22.5, "axis": "y", "origin": [8, 7, 8]},
			"faces": {
				"north": {"uv": [2, 2, 4, 8], "texture": "#6"},
				"east": {"uv": [0, 2, 2, 8], "texture": "#6"},
				"south": {"uv": [4, 0, 6, 6], "texture": "#6"},
				"west": {"uv": [0, 2, 2, 8], "rotation": 180, "texture": "#6"}
			}
		},
		{
			"name": "mixerside1",
			"from": [7, -2, 11.5],
			"to": [9, 4, 13.5],
			"rotation": {"angle": 22.5, "axis": "y", "origin": [8, 7, 8]},
			"faces": {
				"north": {"uv": [4, 0, 6, 6], "texture": "#6"},
				"east": {"uv": [0, 2, 2, 8], "rotation": 180, "texture": "#6"},
				"south": {"uv": [2, 2, 4, 8], "texture": "#6"},
				"west": {"uv": [0, 2, 2, 8], "texture": "#6"}
			}
		},
		{
			"name": "mixertop1",
			"from": [7, 4, 2.5],
			"to": [9, 6, 13.5],
			"rotation": {"angle": 22.5, "axis": "y", "origin": [8, 7, 8]},
			"faces": {
				"north": {"uv": [2, 0, 4, 2], "texture": "#6"},
				"east": {"uv": [0, 14, 11, 16], "rotation": 180, "texture": "#6"},
				"south": {"uv": [2, 0, 4, 2], "texture": "#6"},
				"west": {"uv": [0, 14, 11, 16], "rotation": 180, "texture": "#6"},
				"up": {"uv": [0, 10, 11, 12], "rotation": 90, "texture": "#6"},
				"down": {"uv": [0, 12, 11, 14], "rotation": 90, "texture": "#6"}
			}
		},
		{
			"name": "mixertop2",
			"from": [2.5, 4, 7],
			"to": [13.5, 6, 9],
			"rotation": {"angle": 22.5, "axis": "y", "origin": [8, 7, 8]},
			"faces": {
				"north": {"uv": [0, 14, 11, 16], "rotation": 180, "texture": "#6"},
				"east": {"uv": [2, 0, 4, 2], "texture": "#6"},
				"south": {"uv": [0, 14, 11, 16], "rotation": 180, "texture": "#6"},
				"west": {"uv": [2, 0, 4, 2], "texture": "#6"},
				"up": {"uv": [0, 10, 11, 12], "texture": "#6"},
				"down": {"uv": [0, 12, 11, 14], "texture": "#6"}
			}
		},
		{
			"name": "polebase",
			"from": [5, 7, 5],
			"to": [11, 9, 11],
			"shade": false,
			"rotation": {"angle": 0, "axis": "y", "origin": [8, 9, 8]},
			"faces": {
				"north": {"uv": [10, 6, 16, 8], "texture": "#6"},
				"east": {"uv": [10, 6, 16, 8], "texture": "#6"},
				"south": {"uv": [10, 6, 16, 8], "texture": "#6"},
				"west": {"uv": [10, 6, 16, 8], "texture": "#6"},
				"up": {"uv": [10, 0, 16, 6], "texture": "#6"},
				"down": {"uv": [10, 0, 16, 6], "texture": "#6"}
			}
		},
		{
			"name": "Pole1Core",
			"from": [6, 9, 6],
			"to": [10, 19, 10],
			"rotation": {"angle": 0, "axis": "y", "origin": [8, 16, 8]},
			"faces": {
				"east": {"uv": [6, 6, 10, 16], "texture": "#mechanical_press_pole"},
				"west": {"uv": [6, 6, 10, 16], "texture": "#mechanical_press_pole"},
				"down": {"uv": [11, 1, 15, 5], "texture": "#mechanical_press_pole"}
			}
		},
		{
			"name": "Pole1Side",
			"from": [5, 9, 5],
			"to": [11, 19, 6],
			"rotation": {"angle": 0, "axis": "y", "origin": [8, 16, 8]},
			"faces": {
				"north": {"uv": [0, 6, 6, 16], "texture": "#mechanical_press_pole"},
				"east": {"uv": [0, 6, 1, 16], "texture": "#mechanical_press_pole"},
				"south": {"uv": [0, 6, 6, 16], "texture": "#mechanical_press_pole"},
				"west": {"uv": [5, 6, 6, 16], "texture": "#mechanical_press_pole"},
				"down": {"uv": [10, 5, 16, 6], "texture": "#mechanical_press_pole"}
			}
		},
		{
			"name": "Pole1Side",
			"from": [5, 9, 10],
			"to": [11, 19, 11],
			"rotation": {"angle": 0, "axis": "y", "origin": [8, 16, 8]},
			"faces": {
				"north": {"uv": [0, 6, 6, 16], "texture": "#mechanical_press_pole"},
				"east": {"uv": [0, 6, 1, 16], "texture": "#mechanical_press_pole"},
				"south": {"uv": [0, 6, 6, 16], "texture": "#mechanical_press_pole"},
				"west": {"uv": [5, 6, 6, 16], "texture": "#mechanical_press_pole"},
				"down": {"uv": [10, 0, 16, 1], "texture": "#mechanical_press_pole"}
			}
		},
		{
			"name": "Pole2Core",
			"from": [6, 19, 6],
			"to": [10, 32, 10],
			"rotation": {"angle": 0, "axis": "y", "origin": [8, 13, 8]},
			"faces": {
				"east": {"uv": [6, 0, 10, 13], "texture": "#mechanical_press_pole"},
				"west": {"uv": [6, 0, 10, 13], "texture": "#mechanical_press_pole"},
				"up": {"uv": [11, 1, 15, 5], "rotation": 180, "texture": "#mechanical_press_pole"}
			}
		},
		{
			"name": "Pole2Side",
			"from": [5, 19, 10],
			"to": [11, 32, 11],
			"rotation": {"angle": 0, "axis": "y", "origin": [8, 13, 8]},
			"faces": {
				"north": {"uv": [0, 0, 6, 13], "texture": "#mechanical_press_pole"},
				"east": {"uv": [0, 0, 1, 13], "texture": "#mechanical_press_pole"},
				"south": {"uv": [0, 0, 6, 13], "texture": "#mechanical_press_pole"},
				"west": {"uv": [5, 0, 6, 13], "texture": "#mechanical_press_pole"},
				"up": {"uv": [10, 0, 16, 1], "rotation": 180, "texture": "#mechanical_press_pole"}
			}
		},
		{
			"name": "Pole2Side",
			"from": [5, 19, 5],
			"to": [11, 32, 6],
			"rotation": {"angle": 0, "axis": "y", "origin": [8, 13, 8]},
			"faces": {
				"north": {"uv": [0, 0, 6, 13], "texture": "#mechanical_press_pole"},
				"east": {"uv": [0, 0, 1, 13], "texture": "#mechanical_press_pole"},
				"south": {"uv": [0, 0, 6, 13], "texture": "#mechanical_press_pole"},
				"west": {"uv": [5, 0, 6, 13], "texture": "#mechanical_press_pole"},
				"up": {"uv": [10, 5, 16, 6], "rotation": 180, "texture": "#mechanical_press_pole"}
			}
		},
		{
			"name": "Top",
			"from": [0, 17, 0],
			"to": [16, 23, 16],
			"rotation": {"angle": 0, "axis": "y", "origin": [8, 15, 8]},
			"faces": {
				"north": {"uv": [0, 0, 16, 6], "texture": "#4"},
				"east": {"uv": [0, 0, 16, 6], "texture": "#4"},
				"south": {"uv": [0, 0, 16, 6], "texture": "#4"},
				"west": {"uv": [0, 0, 16, 6], "texture": "#4"},
				"up": {"uv": [0, 0, 16, 16], "texture": "#11"},
				"down": {"uv": [0, 0, 16, 16], "texture": "#2"}
			}
		},
		{
			"name": "Bottom",
			"from": [0, 9, 0],
			"to": [16, 13, 16],
			"rotation": {"angle": 0, "axis": "y", "origin": [8, 15, 8]},
			"faces": {
				"north": {"uv": [0, 10, 16, 14], "texture": "#4"},
				"east": {"uv": [0, 10, 16, 14], "texture": "#4"},
				"south": {"uv": [0, 10, 16, 14], "texture": "#4"},
				"west": {"uv": [0, 10, 16, 14], "texture": "#4"},
				"up": {"uv": [0, 0, 16, 16], "texture": "#2"},
				"down": {"uv": [0, 0, 16, 16], "texture": "#11"}
			}
		},
		{
			"name": "Side1",
			"from": [0, 13, 0],
			"to": [0, 17, 16],
			"rotation": {"angle": 0, "axis": "y", "origin": [8, 15, 8]},
			"faces": {
				"east": {"uv": [0, 6, 16, 10], "texture": "#4"},
				"west": {"uv": [0, 6, 16, 10], "texture": "#4"}
			}
		},
		{
			"name": "Side2",
			"from": [16, 13, 0],
			"to": [16, 17, 16],
			"rotation": {"angle": 0, "axis": "y", "origin": [8, 15, 8]},
			"faces": {
				"east": {"uv": [0, 6, 16, 10], "texture": "#4"},
				"west": {"uv": [0, 6, 16, 10], "texture": "#4"}
			}
		}
	],
	"display": {
		"thirdperson_righthand": {
			"rotation": [75, 45, 0],
			"translation": [0, 2.5, 0],
			"scale": [0.375, 0.375, 0.375]
		},
		"thirdperson_lefthand": {
			"rotation": [75, 45, 0],
			"translation": [0, 2.5, 0],
			"scale": [0.375, 0.375, 0.375]
		},
		"firstperson_righthand": {
			"rotation": [0, 45, 0],
			"scale": [0.4, 0.4, 0.4]
		},
		"firstperson_lefthand": {
			"rotation": [0, 225, 0],
			"scale": [0.4, 0.4, 0.4]
		},
		"ground": {
			"translation": [0, 3, 0],
			"scale": [0.25, 0.25, 0.25]
		},
		"gui": {
			"rotation": [30, 225, 0],
			"translation": [0, -1.5, 0],
			"scale": [0.4, 0.4, 0.4]
		},
		"fixed": {
			"translation": [0, -3, 0],
			"scale": [0.5, 0.5, 0.5]
		}
	},
	"groups": [0, 1, 2, 3, 4, 5,
		{
			"name": "item",
			"origin": [8, 8, 8],
			"children": [6, 7,
				{
					"name": "mixerhead",
					"origin": [8, 8, 8],
					"children": [8, 9, 10, 11, 12, 13, 14, 15, 16]
				},
				{
					"name": "mechanical_press_head",
					"origin": [8, 8, 8],
					"children": [17, 18, 19, 20, 21, 22, 23]
				},
				{
					"name": "mixer_base",
					"origin": [8, 8, 8],
					"children": [
						{
							"name": "mixerbase",
							"origin": [8, 8, 8],
							"children": [24, 25, 26, 27]
						}
					]
				}
			]
		}
	]
}